"OBJECTID","ID_0","ISO","NAME_0","ID_1","NAME_1","ID_2","NAME_2","ID_3","NAME_3","ID_4","NAME_4","VARNAME_4","TYPE_4","ENGTYPE_4"
1,23,"BEL","Belgium",1,"Bruxelles",1,"Bruxelles",1,"Brussel",1,"Anderlecht",NA,"Commune","Commune"
2,23,"BEL","Belgium",1,"Bruxelles",1,"Bruxelles",1,"Brussel",2,"Brussel",NA,"Commune","Commune"
3,23,"BEL","Belgium",1,"Bruxelles",1,"Bruxelles",1,"Brussel",3,"Elsene",NA,"Commune","Commune"
4,23,"BEL","Belgium",1,"Bruxelles",1,"Bruxelles",1,"Brussel",4,"Etterbeek",NA,"Commune","Commune"
5,23,"BEL","Belgium",1,"Bruxelles",1,"Bruxelles",1,"Brussel",5,"Evere",NA,"Commune","Commune"
6,23,"BEL","Belgium",1,"Bruxelles",1,"Bruxelles",1,"Brussel",6,"Ganshoren",NA,"Commune","Commune"
7,23,"BEL","Belgium",1,"Bruxelles",1,"Bruxelles",1,"Brussel",7,"Jette",NA,"Commune","Commune"
8,23,"BEL","Belgium",1,"Bruxelles",1,"Bruxelles",1,"Brussel",8,"Koekelberg",NA,"Commune","Commune"
9,23,"BEL","Belgium",1,"Bruxelles",1,"Bruxelles",1,"Brussel",9,"Oudergem",NA,"Commune","Commune"
10,23,"BEL","Belgium",1,"Bruxelles",1,"Bruxelles",1,"Brussel",10,"Schaarbeek",NA,"Commune","Commune"
11,23,"BEL","Belgium",1,"Bruxelles",1,"Bruxelles",1,"Brussel",11,"Sint-Agatha-Berchem",NA,"Commune","Commune"
12,23,"BEL","Belgium",1,"Bruxelles",1,"Bruxelles",1,"Brussel",12,"Sint-Gillis",NA,"Commune","Commune"
13,23,"BEL","Belgium",1,"Bruxelles",1,"Bruxelles",1,"Brussel",13,"Sint-Jans-Molenbeek",NA,"Commune","Commune"
14,23,"BEL","Belgium",1,"Bruxelles",1,"Bruxelles",1,"Brussel",14,"Sint-Joost-ten-Node",NA,"Commune","Commune"
15,23,"BEL","Belgium",1,"Bruxelles",1,"Bruxelles",1,"Brussel",15,"Sint-Lambrechts-Woluwe",NA,"Commune","Commune"
16,23,"BEL","Belgium",1,"Bruxelles",1,"Bruxelles",1,"Brussel",16,"Sint-Pieters-Woluwe",NA,"Commune","Commune"
17,23,"BEL","Belgium",1,"Bruxelles",1,"Bruxelles",1,"Brussel",17,"Ukkel",NA,"Commune","Commune"
18,23,"BEL","Belgium",1,"Bruxelles",1,"Bruxelles",1,"Brussel",18,"Vorst",NA,"Commune","Commune"
19,23,"BEL","Belgium",1,"Bruxelles",1,"Bruxelles",1,"Brussel",19,"Watermaal-Bosvoorde",NA,"Commune","Commune"
20,23,"BEL","Belgium",2,"Vlaanderen",2,"Antwerpen",2,"Antwerpen",20,"Aartselaar",NA,"Gemeente","Commune"
21,23,"BEL","Belgium",2,"Vlaanderen",2,"Antwerpen",2,"Antwerpen",21,"Antwerpen",NA,"Gemeente","Commune"
22,23,"BEL","Belgium",2,"Vlaanderen",2,"Antwerpen",2,"Antwerpen",22,"Boechout",NA,"Gemeente","Commune"
23,23,"BEL","Belgium",2,"Vlaanderen",2,"Antwerpen",2,"Antwerpen",23,"Boom",NA,"Gemeente","Commune"
24,23,"BEL","Belgium",2,"Vlaanderen",2,"Antwerpen",2,"Antwerpen",24,"Borsbeek",NA,"Gemeente","Commune"
25,23,"BEL","Belgium",2,"Vlaanderen",2,"Antwerpen",2,"Antwerpen",25,"Brasschaat",NA,"Gemeente","Commune"
26,23,"BEL","Belgium",2,"Vlaanderen",2,"Antwerpen",2,"Antwerpen",26,"Brecht",NA,"Gemeente","Commune"
27,23,"BEL","Belgium",2,"Vlaanderen",2,"Antwerpen",2,"Antwerpen",27,"Edegem",NA,"Gemeente","Commune"
28,23,"BEL","Belgium",2,"Vlaanderen",2,"Antwerpen",2,"Antwerpen",28,"Essen",NA,"Gemeente","Commune"
29,23,"BEL","Belgium",2,"Vlaanderen",2,"Antwerpen",2,"Antwerpen",29,"Hemiksem",NA,"Gemeente","Commune"
30,23,"BEL","Belgium",2,"Vlaanderen",2,"Antwerpen",2,"Antwerpen",30,"Hove",NA,"Gemeente","Commune"
31,23,"BEL","Belgium",2,"Vlaanderen",2,"Antwerpen",2,"Antwerpen",31,"Kalmthout",NA,"Gemeente","Commune"
32,23,"BEL","Belgium",2,"Vlaanderen",2,"Antwerpen",2,"Antwerpen",32,"Kapellen",NA,"Gemeente","Commune"
33,23,"BEL","Belgium",2,"Vlaanderen",2,"Antwerpen",2,"Antwerpen",33,"Kontich",NA,"Gemeente","Commune"
34,23,"BEL","Belgium",2,"Vlaanderen",2,"Antwerpen",2,"Antwerpen",34,"Lint",NA,"Gemeente","Commune"
35,23,"BEL","Belgium",2,"Vlaanderen",2,"Antwerpen",2,"Antwerpen",35,"Malle",NA,"Gemeente","Commune"
36,23,"BEL","Belgium",2,"Vlaanderen",2,"Antwerpen",2,"Antwerpen",36,"Mortsel",NA,"Gemeente","Commune"
37,23,"BEL","Belgium",2,"Vlaanderen",2,"Antwerpen",2,"Antwerpen",37,"Niel",NA,"Gemeente","Commune"
38,23,"BEL","Belgium",2,"Vlaanderen",2,"Antwerpen",2,"Antwerpen",38,"Ranst",NA,"Gemeente","Commune"
39,23,"BEL","Belgium",2,"Vlaanderen",2,"Antwerpen",2,"Antwerpen",39,"Rumst",NA,"Gemeente","Commune"
40,23,"BEL","Belgium",2,"Vlaanderen",2,"Antwerpen",2,"Antwerpen",40,"Schelle",NA,"Gemeente","Commune"
41,23,"BEL","Belgium",2,"Vlaanderen",2,"Antwerpen",2,"Antwerpen",41,"Schilde",NA,"Gemeente","Commune"
42,23,"BEL","Belgium",2,"Vlaanderen",2,"Antwerpen",2,"Antwerpen",42,"Schoten",NA,"Gemeente","Commune"
43,23,"BEL","Belgium",2,"Vlaanderen",2,"Antwerpen",2,"Antwerpen",43,"Stabroek",NA,"Gemeente","Commune"
44,23,"BEL","Belgium",2,"Vlaanderen",2,"Antwerpen",2,"Antwerpen",44,"Wijnegem",NA,"Gemeente","Commune"
45,23,"BEL","Belgium",2,"Vlaanderen",2,"Antwerpen",2,"Antwerpen",45,"Wommelgem",NA,"Gemeente","Commune"
46,23,"BEL","Belgium",2,"Vlaanderen",2,"Antwerpen",2,"Antwerpen",46,"Wuustwezel",NA,"Gemeente","Commune"
47,23,"BEL","Belgium",2,"Vlaanderen",2,"Antwerpen",2,"Antwerpen",47,"Zandhoven",NA,"Gemeente","Commune"
48,23,"BEL","Belgium",2,"Vlaanderen",2,"Antwerpen",2,"Antwerpen",48,"Zoersel",NA,"Gemeente","Commune"
49,23,"BEL","Belgium",2,"Vlaanderen",2,"Antwerpen",2,"Antwerpen",49,"Zwijndrecht",NA,"Gemeente","Commune"
50,23,"BEL","Belgium",2,"Vlaanderen",2,"Antwerpen",3,"Mechelen",50,"Berlaar",NA,"Gemeente","Commune"
51,23,"BEL","Belgium",2,"Vlaanderen",2,"Antwerpen",3,"Mechelen",51,"Bonheiden",NA,"Gemeente","Commune"
52,23,"BEL","Belgium",2,"Vlaanderen",2,"Antwerpen",3,"Mechelen",52,"Bornem",NA,"Gemeente","Commune"
53,23,"BEL","Belgium",2,"Vlaanderen",2,"Antwerpen",3,"Mechelen",53,"Duffel",NA,"Gemeente","Commune"
54,23,"BEL","Belgium",2,"Vlaanderen",2,"Antwerpen",3,"Mechelen",54,"Heist-op-den-Berg",NA,"Gemeente","Commune"
55,23,"BEL","Belgium",2,"Vlaanderen",2,"Antwerpen",3,"Mechelen",55,"Lier",NA,"Gemeente","Commune"
56,23,"BEL","Belgium",2,"Vlaanderen",2,"Antwerpen",3,"Mechelen",56,"Mechelen",NA,"Gemeente","Commune"
57,23,"BEL","Belgium",2,"Vlaanderen",2,"Antwerpen",3,"Mechelen",57,"Nijlen",NA,"Gemeente","Commune"
58,23,"BEL","Belgium",2,"Vlaanderen",2,"Antwerpen",3,"Mechelen",58,"Putte",NA,"Gemeente","Commune"
59,23,"BEL","Belgium",2,"Vlaanderen",2,"Antwerpen",3,"Mechelen",59,"Puurs",NA,"Gemeente","Commune"
60,23,"BEL","Belgium",2,"Vlaanderen",2,"Antwerpen",3,"Mechelen",60,"Sint-Amands",NA,"Gemeente","Commune"
61,23,"BEL","Belgium",2,"Vlaanderen",2,"Antwerpen",3,"Mechelen",61,"Sint-Katelijne-Waver",NA,"Gemeente","Commune"
62,23,"BEL","Belgium",2,"Vlaanderen",2,"Antwerpen",3,"Mechelen",62,"Willebroek",NA,"Gemeente","Commune"
63,23,"BEL","Belgium",2,"Vlaanderen",2,"Antwerpen",4,"Turnhout",63,"Arendonk",NA,"Gemeente","Commune"
64,23,"BEL","Belgium",2,"Vlaanderen",2,"Antwerpen",4,"Turnhout",64,"Baarle-Hertog",NA,"Gemeente","Commune"
65,23,"BEL","Belgium",2,"Vlaanderen",2,"Antwerpen",4,"Turnhout",65,"Balen",NA,"Gemeente","Commune"
66,23,"BEL","Belgium",2,"Vlaanderen",2,"Antwerpen",4,"Turnhout",66,"Beerse",NA,"Gemeente","Commune"
67,23,"BEL","Belgium",2,"Vlaanderen",2,"Antwerpen",4,"Turnhout",67,"Dessel",NA,"Gemeente","Commune"
68,23,"BEL","Belgium",2,"Vlaanderen",2,"Antwerpen",4,"Turnhout",68,"Geel",NA,"Gemeente","Commune"
69,23,"BEL","Belgium",2,"Vlaanderen",2,"Antwerpen",4,"Turnhout",69,"Grobbendonk",NA,"Gemeente","Commune"
70,23,"BEL","Belgium",2,"Vlaanderen",2,"Antwerpen",4,"Turnhout",70,"Herentals",NA,"Gemeente","Commune"
71,23,"BEL","Belgium",2,"Vlaanderen",2,"Antwerpen",4,"Turnhout",71,"Herenthout",NA,"Gemeente","Commune"
72,23,"BEL","Belgium",2,"Vlaanderen",2,"Antwerpen",4,"Turnhout",72,"Herselt",NA,"Gemeente","Commune"
73,23,"BEL","Belgium",2,"Vlaanderen",2,"Antwerpen",4,"Turnhout",73,"Hoogstraten",NA,"Gemeente","Commune"
74,23,"BEL","Belgium",2,"Vlaanderen",2,"Antwerpen",4,"Turnhout",74,"Hulshout",NA,"Gemeente","Commune"
75,23,"BEL","Belgium",2,"Vlaanderen",2,"Antwerpen",4,"Turnhout",75,"Kasterlee",NA,"Gemeente","Commune"
76,23,"BEL","Belgium",2,"Vlaanderen",2,"Antwerpen",4,"Turnhout",76,"Laakdal",NA,"Gemeente","Commune"
77,23,"BEL","Belgium",2,"Vlaanderen",2,"Antwerpen",4,"Turnhout",77,"Lille",NA,"Gemeente","Commune"
78,23,"BEL","Belgium",2,"Vlaanderen",2,"Antwerpen",4,"Turnhout",78,"Meerhout",NA,"Gemeente","Commune"
79,23,"BEL","Belgium",2,"Vlaanderen",2,"Antwerpen",4,"Turnhout",79,"Merksplas",NA,"Gemeente","Commune"
80,23,"BEL","Belgium",2,"Vlaanderen",2,"Antwerpen",4,"Turnhout",80,"Mol",NA,"Gemeente","Commune"
81,23,"BEL","Belgium",2,"Vlaanderen",2,"Antwerpen",4,"Turnhout",81,"Olen",NA,"Gemeente","Commune"
82,23,"BEL","Belgium",2,"Vlaanderen",2,"Antwerpen",4,"Turnhout",82,"Oud-Turnhout",NA,"Gemeente","Commune"
83,23,"BEL","Belgium",2,"Vlaanderen",2,"Antwerpen",4,"Turnhout",83,"Ravels",NA,"Gemeente","Commune"
84,23,"BEL","Belgium",2,"Vlaanderen",2,"Antwerpen",4,"Turnhout",84,"Retie",NA,"Gemeente","Commune"
85,23,"BEL","Belgium",2,"Vlaanderen",2,"Antwerpen",4,"Turnhout",85,"Rijkevorsel",NA,"Gemeente","Commune"
86,23,"BEL","Belgium",2,"Vlaanderen",2,"Antwerpen",4,"Turnhout",86,"Turnhout",NA,"Gemeente","Commune"
87,23,"BEL","Belgium",2,"Vlaanderen",2,"Antwerpen",4,"Turnhout",87,"Vorselaar",NA,"Gemeente","Commune"
88,23,"BEL","Belgium",2,"Vlaanderen",2,"Antwerpen",4,"Turnhout",88,"Vosselaar",NA,"Gemeente","Commune"
89,23,"BEL","Belgium",2,"Vlaanderen",2,"Antwerpen",4,"Turnhout",89,"Westerlo",NA,"Gemeente","Commune"
90,23,"BEL","Belgium",2,"Vlaanderen",3,"Limburg",5,"Hasselt",90,"As",NA,"Gemeente","Commune"
91,23,"BEL","Belgium",2,"Vlaanderen",3,"Limburg",5,"Hasselt",91,"Beringen",NA,"Gemeente","Commune"
92,23,"BEL","Belgium",2,"Vlaanderen",3,"Limburg",5,"Hasselt",92,"Diepenbeek",NA,"Gemeente","Commune"
93,23,"BEL","Belgium",2,"Vlaanderen",3,"Limburg",5,"Hasselt",93,"Genk",NA,"Gemeente","Commune"
94,23,"BEL","Belgium",2,"Vlaanderen",3,"Limburg",5,"Hasselt",94,"Halen",NA,"Gemeente","Commune"
95,23,"BEL","Belgium",2,"Vlaanderen",3,"Limburg",5,"Hasselt",95,"Ham",NA,"Gemeente","Commune"
96,23,"BEL","Belgium",2,"Vlaanderen",3,"Limburg",5,"Hasselt",96,"Hasselt",NA,"Gemeente","Commune"
97,23,"BEL","Belgium",2,"Vlaanderen",3,"Limburg",5,"Hasselt",97,"Herk-de-Stad",NA,"Gemeente","Commune"
98,23,"BEL","Belgium",2,"Vlaanderen",3,"Limburg",5,"Hasselt",98,"Heusden-Zolder",NA,"Gemeente","Commune"
99,23,"BEL","Belgium",2,"Vlaanderen",3,"Limburg",5,"Hasselt",99,"Leopoldsburg",NA,"Gemeente","Commune"
100,23,"BEL","Belgium",2,"Vlaanderen",3,"Limburg",5,"Hasselt",100,"Lummen",NA,"Gemeente","Commune"
101,23,"BEL","Belgium",2,"Vlaanderen",3,"Limburg",5,"Hasselt",101,"Nieuwerkerken",NA,"Gemeente","Commune"
102,23,"BEL","Belgium",2,"Vlaanderen",3,"Limburg",5,"Hasselt",102,"Opglabbeek",NA,"Gemeente","Commune"
103,23,"BEL","Belgium",2,"Vlaanderen",3,"Limburg",5,"Hasselt",103,"Sint-Truiden",NA,"Gemeente","Commune"
104,23,"BEL","Belgium",2,"Vlaanderen",3,"Limburg",5,"Hasselt",104,"Tessenderlo",NA,"Gemeente","Commune"
105,23,"BEL","Belgium",2,"Vlaanderen",3,"Limburg",5,"Hasselt",105,"Zonhoven",NA,"Gemeente","Commune"
106,23,"BEL","Belgium",2,"Vlaanderen",3,"Limburg",5,"Hasselt",106,"Zutendaal",NA,"Gemeente","Commune"
107,23,"BEL","Belgium",2,"Vlaanderen",3,"Limburg",6,"Maaseik",107,"Bocholt",NA,"Gemeente","Commune"
108,23,"BEL","Belgium",2,"Vlaanderen",3,"Limburg",6,"Maaseik",108,"Bree",NA,"Gemeente","Commune"
109,23,"BEL","Belgium",2,"Vlaanderen",3,"Limburg",6,"Maaseik",109,"Dilsen-Stokkem",NA,"Gemeente","Commune"
110,23,"BEL","Belgium",2,"Vlaanderen",3,"Limburg",6,"Maaseik",110,"Hamont-Achel",NA,"Gemeente","Commune"
111,23,"BEL","Belgium",2,"Vlaanderen",3,"Limburg",6,"Maaseik",111,"Hechtel-Eksel",NA,"Gemeente","Commune"
112,23,"BEL","Belgium",2,"Vlaanderen",3,"Limburg",6,"Maaseik",112,"Houthalen-Helchteren",NA,"Gemeente","Commune"
113,23,"BEL","Belgium",2,"Vlaanderen",3,"Limburg",6,"Maaseik",113,"Kinrooi",NA,"Gemeente","Commune"
114,23,"BEL","Belgium",2,"Vlaanderen",3,"Limburg",6,"Maaseik",114,"Lommel",NA,"Gemeente","Commune"
115,23,"BEL","Belgium",2,"Vlaanderen",3,"Limburg",6,"Maaseik",115,"Maaseik",NA,"Gemeente","Commune"
116,23,"BEL","Belgium",2,"Vlaanderen",3,"Limburg",6,"Maaseik",116,"Meeuwen-Gruitrode",NA,"Gemeente","Commune"
117,23,"BEL","Belgium",2,"Vlaanderen",3,"Limburg",6,"Maaseik",117,"Neerpelt",NA,"Gemeente","Commune"
118,23,"BEL","Belgium",2,"Vlaanderen",3,"Limburg",6,"Maaseik",118,"Overpelt",NA,"Gemeente","Commune"
119,23,"BEL","Belgium",2,"Vlaanderen",3,"Limburg",6,"Maaseik",119,"Peer",NA,"Gemeente","Commune"
120,23,"BEL","Belgium",2,"Vlaanderen",3,"Limburg",7,"Tongeren",120,"Alken",NA,"Gemeente","Commune"
121,23,"BEL","Belgium",2,"Vlaanderen",3,"Limburg",7,"Tongeren",121,"Bilzen",NA,"Gemeente","Commune"
122,23,"BEL","Belgium",2,"Vlaanderen",3,"Limburg",7,"Tongeren",122,"Borgloon",NA,"Gemeente","Commune"
123,23,"BEL","Belgium",2,"Vlaanderen",3,"Limburg",7,"Tongeren",123,"Heers",NA,"Gemeente","Commune"
124,23,"BEL","Belgium",2,"Vlaanderen",3,"Limburg",7,"Tongeren",124,"Herstappe",NA,"Gemeente","Commune"
125,23,"BEL","Belgium",2,"Vlaanderen",3,"Limburg",7,"Tongeren",125,"Hoeselt",NA,"Gemeente","Commune"
126,23,"BEL","Belgium",2,"Vlaanderen",3,"Limburg",7,"Tongeren",126,"Kortessem",NA,"Gemeente","Commune"
127,23,"BEL","Belgium",2,"Vlaanderen",3,"Limburg",7,"Tongeren",127,"Lanaken",NA,"Gemeente","Commune"
128,23,"BEL","Belgium",2,"Vlaanderen",3,"Limburg",7,"Tongeren",128,"Maasmechelen",NA,"Gemeente","Commune"
129,23,"BEL","Belgium",2,"Vlaanderen",3,"Limburg",7,"Tongeren",129,"Riemst",NA,"Gemeente","Commune"
130,23,"BEL","Belgium",2,"Vlaanderen",3,"Limburg",7,"Tongeren",130,"Tongeren",NA,"Gemeente","Commune"
131,23,"BEL","Belgium",2,"Vlaanderen",3,"Limburg",7,"Tongeren",131,"Voeren",NA,"Gemeente","Commune"
132,23,"BEL","Belgium",2,"Vlaanderen",3,"Limburg",7,"Tongeren",132,"Wellen",NA,"Gemeente","Commune"
133,23,"BEL","Belgium",2,"Vlaanderen",4,"Oost-Vlaanderen",8,"Aalst",133,"Aalst",NA,"Gemeente","Commune"
134,23,"BEL","Belgium",2,"Vlaanderen",4,"Oost-Vlaanderen",8,"Aalst",134,"Denderleeuw",NA,"Gemeente","Commune"
135,23,"BEL","Belgium",2,"Vlaanderen",4,"Oost-Vlaanderen",8,"Aalst",135,"Erpe-Mere",NA,"Gemeente","Commune"
136,23,"BEL","Belgium",2,"Vlaanderen",4,"Oost-Vlaanderen",8,"Aalst",136,"Geraardsbergen",NA,"Gemeente","Commune"
137,23,"BEL","Belgium",2,"Vlaanderen",4,"Oost-Vlaanderen",8,"Aalst",137,"Haaltert",NA,"Gemeente","Commune"
138,23,"BEL","Belgium",2,"Vlaanderen",4,"Oost-Vlaanderen",8,"Aalst",138,"Herzele",NA,"Gemeente","Commune"
139,23,"BEL","Belgium",2,"Vlaanderen",4,"Oost-Vlaanderen",8,"Aalst",139,"Lede",NA,"Gemeente","Commune"
140,23,"BEL","Belgium",2,"Vlaanderen",4,"Oost-Vlaanderen",8,"Aalst",140,"Ninove",NA,"Gemeente","Commune"
141,23,"BEL","Belgium",2,"Vlaanderen",4,"Oost-Vlaanderen",8,"Aalst",141,"Sint-Lievens-Houtem",NA,"Gemeente","Commune"
142,23,"BEL","Belgium",2,"Vlaanderen",4,"Oost-Vlaanderen",8,"Aalst",142,"Zottegem",NA,"Gemeente","Commune"
143,23,"BEL","Belgium",2,"Vlaanderen",4,"Oost-Vlaanderen",9,"Dendermonde",143,"Berlare",NA,"Gemeente","Commune"
144,23,"BEL","Belgium",2,"Vlaanderen",4,"Oost-Vlaanderen",9,"Dendermonde",144,"Buggenhout",NA,"Gemeente","Commune"
145,23,"BEL","Belgium",2,"Vlaanderen",4,"Oost-Vlaanderen",9,"Dendermonde",145,"Dendermonde",NA,"Gemeente","Commune"
146,23,"BEL","Belgium",2,"Vlaanderen",4,"Oost-Vlaanderen",9,"Dendermonde",146,"Hamme",NA,"Gemeente","Commune"
147,23,"BEL","Belgium",2,"Vlaanderen",4,"Oost-Vlaanderen",9,"Dendermonde",147,"Laarne",NA,"Gemeente","Commune"
148,23,"BEL","Belgium",2,"Vlaanderen",4,"Oost-Vlaanderen",9,"Dendermonde",148,"Lebbeke",NA,"Gemeente","Commune"
149,23,"BEL","Belgium",2,"Vlaanderen",4,"Oost-Vlaanderen",9,"Dendermonde",149,"Waasmunster",NA,"Gemeente","Commune"
150,23,"BEL","Belgium",2,"Vlaanderen",4,"Oost-Vlaanderen",9,"Dendermonde",150,"Wetteren",NA,"Gemeente","Commune"
151,23,"BEL","Belgium",2,"Vlaanderen",4,"Oost-Vlaanderen",9,"Dendermonde",151,"Wichelen",NA,"Gemeente","Commune"
152,23,"BEL","Belgium",2,"Vlaanderen",4,"Oost-Vlaanderen",9,"Dendermonde",152,"Zele",NA,"Gemeente","Commune"
153,23,"BEL","Belgium",2,"Vlaanderen",4,"Oost-Vlaanderen",10,"Eeklo",153,"Assenede",NA,"Gemeente","Commune"
154,23,"BEL","Belgium",2,"Vlaanderen",4,"Oost-Vlaanderen",10,"Eeklo",154,"Eeklo",NA,"Gemeente","Commune"
155,23,"BEL","Belgium",2,"Vlaanderen",4,"Oost-Vlaanderen",10,"Eeklo",155,"Kaprijke",NA,"Gemeente","Commune"
156,23,"BEL","Belgium",2,"Vlaanderen",4,"Oost-Vlaanderen",10,"Eeklo",156,"Maldegem",NA,"Gemeente","Commune"
157,23,"BEL","Belgium",2,"Vlaanderen",4,"Oost-Vlaanderen",10,"Eeklo",157,"Sint-Laureins",NA,"Gemeente","Commune"
158,23,"BEL","Belgium",2,"Vlaanderen",4,"Oost-Vlaanderen",10,"Eeklo",158,"Zelzate",NA,"Gemeente","Commune"
159,23,"BEL","Belgium",2,"Vlaanderen",4,"Oost-Vlaanderen",11,"Gent",159,"Aalter",NA,"Gemeente","Commune"
160,23,"BEL","Belgium",2,"Vlaanderen",4,"Oost-Vlaanderen",11,"Gent",160,"De Pinte",NA,"Gemeente","Commune"
161,23,"BEL","Belgium",2,"Vlaanderen",4,"Oost-Vlaanderen",11,"Gent",161,"Deinze",NA,"Gemeente","Commune"
162,23,"BEL","Belgium",2,"Vlaanderen",4,"Oost-Vlaanderen",11,"Gent",162,"Destelbergen",NA,"Gemeente","Commune"
163,23,"BEL","Belgium",2,"Vlaanderen",4,"Oost-Vlaanderen",11,"Gent",163,"Evergem",NA,"Gemeente","Commune"
164,23,"BEL","Belgium",2,"Vlaanderen",4,"Oost-Vlaanderen",11,"Gent",164,"Gavere",NA,"Gemeente","Commune"
165,23,"BEL","Belgium",2,"Vlaanderen",4,"Oost-Vlaanderen",11,"Gent",165,"Gent",NA,"Gemeente","Commune"
166,23,"BEL","Belgium",2,"Vlaanderen",4,"Oost-Vlaanderen",11,"Gent",166,"Knesselare",NA,"Gemeente","Commune"
167,23,"BEL","Belgium",2,"Vlaanderen",4,"Oost-Vlaanderen",11,"Gent",167,"Lochristi",NA,"Gemeente","Commune"
168,23,"BEL","Belgium",2,"Vlaanderen",4,"Oost-Vlaanderen",11,"Gent",168,"Lovendegem",NA,"Gemeente","Commune"
169,23,"BEL","Belgium",2,"Vlaanderen",4,"Oost-Vlaanderen",11,"Gent",169,"Melle",NA,"Gemeente","Commune"
170,23,"BEL","Belgium",2,"Vlaanderen",4,"Oost-Vlaanderen",11,"Gent",170,"Merelbeke",NA,"Gemeente","Commune"
171,23,"BEL","Belgium",2,"Vlaanderen",4,"Oost-Vlaanderen",11,"Gent",171,"Moerbeke",NA,"Gemeente","Commune"
172,23,"BEL","Belgium",2,"Vlaanderen",4,"Oost-Vlaanderen",11,"Gent",172,"Nazareth",NA,"Gemeente","Commune"
173,23,"BEL","Belgium",2,"Vlaanderen",4,"Oost-Vlaanderen",11,"Gent",173,"Nevele",NA,"Gemeente","Commune"
174,23,"BEL","Belgium",2,"Vlaanderen",4,"Oost-Vlaanderen",11,"Gent",174,"Oosterzele",NA,"Gemeente","Commune"
175,23,"BEL","Belgium",2,"Vlaanderen",4,"Oost-Vlaanderen",11,"Gent",175,"Sint-Martens-Latem",NA,"Gemeente","Commune"
176,23,"BEL","Belgium",2,"Vlaanderen",4,"Oost-Vlaanderen",11,"Gent",176,"Waarschoot",NA,"Gemeente","Commune"
177,23,"BEL","Belgium",2,"Vlaanderen",4,"Oost-Vlaanderen",11,"Gent",177,"Wachtebeke",NA,"Gemeente","Commune"
178,23,"BEL","Belgium",2,"Vlaanderen",4,"Oost-Vlaanderen",11,"Gent",178,"Zomergem",NA,"Gemeente","Commune"
179,23,"BEL","Belgium",2,"Vlaanderen",4,"Oost-Vlaanderen",11,"Gent",179,"Zulte",NA,"Gemeente","Commune"
180,23,"BEL","Belgium",2,"Vlaanderen",4,"Oost-Vlaanderen",12,"Oudenaarde",180,"Brakel",NA,"Gemeente","Commune"
181,23,"BEL","Belgium",2,"Vlaanderen",4,"Oost-Vlaanderen",12,"Oudenaarde",181,"Horebeke",NA,"Gemeente","Commune"
182,23,"BEL","Belgium",2,"Vlaanderen",4,"Oost-Vlaanderen",12,"Oudenaarde",182,"Kluisbergen",NA,"Gemeente","Commune"
183,23,"BEL","Belgium",2,"Vlaanderen",4,"Oost-Vlaanderen",12,"Oudenaarde",183,"Kruishoutem",NA,"Gemeente","Commune"
184,23,"BEL","Belgium",2,"Vlaanderen",4,"Oost-Vlaanderen",12,"Oudenaarde",184,"Lierde",NA,"Gemeente","Commune"
185,23,"BEL","Belgium",2,"Vlaanderen",4,"Oost-Vlaanderen",12,"Oudenaarde",185,"Maarkedal",NA,"Gemeente","Commune"
186,23,"BEL","Belgium",2,"Vlaanderen",4,"Oost-Vlaanderen",12,"Oudenaarde",186,"Oudenaarde",NA,"Gemeente","Commune"
187,23,"BEL","Belgium",2,"Vlaanderen",4,"Oost-Vlaanderen",12,"Oudenaarde",187,"Ronse",NA,"Gemeente","Commune"
188,23,"BEL","Belgium",2,"Vlaanderen",4,"Oost-Vlaanderen",12,"Oudenaarde",188,"Wortegem-Petegem",NA,"Gemeente","Commune"
189,23,"BEL","Belgium",2,"Vlaanderen",4,"Oost-Vlaanderen",12,"Oudenaarde",189,"Zingem",NA,"Gemeente","Commune"
190,23,"BEL","Belgium",2,"Vlaanderen",4,"Oost-Vlaanderen",12,"Oudenaarde",190,"Zwalm",NA,"Gemeente","Commune"
191,23,"BEL","Belgium",2,"Vlaanderen",4,"Oost-Vlaanderen",13,"Sint-Niklaas",191,"Beveren",NA,"Gemeente","Commune"
192,23,"BEL","Belgium",2,"Vlaanderen",4,"Oost-Vlaanderen",13,"Sint-Niklaas",192,"Kruibeke",NA,"Gemeente","Commune"
193,23,"BEL","Belgium",2,"Vlaanderen",4,"Oost-Vlaanderen",13,"Sint-Niklaas",193,"Lokeren",NA,"Gemeente","Commune"
194,23,"BEL","Belgium",2,"Vlaanderen",4,"Oost-Vlaanderen",13,"Sint-Niklaas",194,"Sint-Gillis-Waas",NA,"Gemeente","Commune"
195,23,"BEL","Belgium",2,"Vlaanderen",4,"Oost-Vlaanderen",13,"Sint-Niklaas",195,"Sint-Niklaas",NA,"Gemeente","Commune"
196,23,"BEL","Belgium",2,"Vlaanderen",4,"Oost-Vlaanderen",13,"Sint-Niklaas",196,"Stekene",NA,"Gemeente","Commune"
197,23,"BEL","Belgium",2,"Vlaanderen",4,"Oost-Vlaanderen",13,"Sint-Niklaas",197,"Temse",NA,"Gemeente","Commune"
198,23,"BEL","Belgium",2,"Vlaanderen",5,"Vlaams Brabant",14,"Halle-Vilvoorde",198,"Affligem",NA,"Gemeente","Commune"
199,23,"BEL","Belgium",2,"Vlaanderen",5,"Vlaams Brabant",14,"Halle-Vilvoorde",199,"Asse",NA,"Gemeente","Commune"
200,23,"BEL","Belgium",2,"Vlaanderen",5,"Vlaams Brabant",14,"Halle-Vilvoorde",200,"Beersel",NA,"Gemeente","Commune"
201,23,"BEL","Belgium",2,"Vlaanderen",5,"Vlaams Brabant",14,"Halle-Vilvoorde",201,"Bever",NA,"Gemeente","Commune"
202,23,"BEL","Belgium",2,"Vlaanderen",5,"Vlaams Brabant",14,"Halle-Vilvoorde",202,"Dilbeek",NA,"Gemeente","Commune"
203,23,"BEL","Belgium",2,"Vlaanderen",5,"Vlaams Brabant",14,"Halle-Vilvoorde",203,"Drogenbos",NA,"Gemeente","Commune"
204,23,"BEL","Belgium",2,"Vlaanderen",5,"Vlaams Brabant",14,"Halle-Vilvoorde",204,"Galmaarden",NA,"Gemeente","Commune"
205,23,"BEL","Belgium",2,"Vlaanderen",5,"Vlaams Brabant",14,"Halle-Vilvoorde",205,"Gooik",NA,"Gemeente","Commune"
206,23,"BEL","Belgium",2,"Vlaanderen",5,"Vlaams Brabant",14,"Halle-Vilvoorde",206,"Grimbergen",NA,"Gemeente","Commune"
207,23,"BEL","Belgium",2,"Vlaanderen",5,"Vlaams Brabant",14,"Halle-Vilvoorde",207,"Halle",NA,"Gemeente","Commune"
208,23,"BEL","Belgium",2,"Vlaanderen",5,"Vlaams Brabant",14,"Halle-Vilvoorde",208,"Herne",NA,"Gemeente","Commune"
209,23,"BEL","Belgium",2,"Vlaanderen",5,"Vlaams Brabant",14,"Halle-Vilvoorde",209,"Hoeilaart",NA,"Gemeente","Commune"
210,23,"BEL","Belgium",2,"Vlaanderen",5,"Vlaams Brabant",14,"Halle-Vilvoorde",210,"Kampenhout",NA,"Gemeente","Commune"
211,23,"BEL","Belgium",2,"Vlaanderen",5,"Vlaams Brabant",14,"Halle-Vilvoorde",211,"Kapelle-op-den-Bos",NA,"Gemeente","Commune"
212,23,"BEL","Belgium",2,"Vlaanderen",5,"Vlaams Brabant",14,"Halle-Vilvoorde",212,"Kraainem",NA,"Gemeente","Commune"
213,23,"BEL","Belgium",2,"Vlaanderen",5,"Vlaams Brabant",14,"Halle-Vilvoorde",213,"Lennik",NA,"Gemeente","Commune"
214,23,"BEL","Belgium",2,"Vlaanderen",5,"Vlaams Brabant",14,"Halle-Vilvoorde",214,"Liedekerke",NA,"Gemeente","Commune"
215,23,"BEL","Belgium",2,"Vlaanderen",5,"Vlaams Brabant",14,"Halle-Vilvoorde",215,"Linkebeek",NA,"Gemeente","Commune"
216,23,"BEL","Belgium",2,"Vlaanderen",5,"Vlaams Brabant",14,"Halle-Vilvoorde",216,"Londerzeel",NA,"Gemeente","Commune"
217,23,"BEL","Belgium",2,"Vlaanderen",5,"Vlaams Brabant",14,"Halle-Vilvoorde",217,"Machelen",NA,"Gemeente","Commune"
218,23,"BEL","Belgium",2,"Vlaanderen",5,"Vlaams Brabant",14,"Halle-Vilvoorde",218,"Meise",NA,"Gemeente","Commune"
219,23,"BEL","Belgium",2,"Vlaanderen",5,"Vlaams Brabant",14,"Halle-Vilvoorde",219,"Merchtem",NA,"Gemeente","Commune"
220,23,"BEL","Belgium",2,"Vlaanderen",5,"Vlaams Brabant",14,"Halle-Vilvoorde",220,"Opwijk",NA,"Gemeente","Commune"
221,23,"BEL","Belgium",2,"Vlaanderen",5,"Vlaams Brabant",14,"Halle-Vilvoorde",221,"Overijse",NA,"Gemeente","Commune"
222,23,"BEL","Belgium",2,"Vlaanderen",5,"Vlaams Brabant",14,"Halle-Vilvoorde",222,"Pepingen",NA,"Gemeente","Commune"
223,23,"BEL","Belgium",2,"Vlaanderen",5,"Vlaams Brabant",14,"Halle-Vilvoorde",223,"Roosdaal",NA,"Gemeente","Commune"
224,23,"BEL","Belgium",2,"Vlaanderen",5,"Vlaams Brabant",14,"Halle-Vilvoorde",224,"Sint-Genesius-Rode",NA,"Gemeente","Commune"
225,23,"BEL","Belgium",2,"Vlaanderen",5,"Vlaams Brabant",14,"Halle-Vilvoorde",225,"Sint-Pieters-Leeuw",NA,"Gemeente","Commune"
226,23,"BEL","Belgium",2,"Vlaanderen",5,"Vlaams Brabant",14,"Halle-Vilvoorde",226,"Steenokkerzeel",NA,"Gemeente","Commune"
227,23,"BEL","Belgium",2,"Vlaanderen",5,"Vlaams Brabant",14,"Halle-Vilvoorde",227,"Ternat",NA,"Gemeente","Commune"
228,23,"BEL","Belgium",2,"Vlaanderen",5,"Vlaams Brabant",14,"Halle-Vilvoorde",228,"Vilvoorde",NA,"Gemeente","Commune"
229,23,"BEL","Belgium",2,"Vlaanderen",5,"Vlaams Brabant",14,"Halle-Vilvoorde",229,"Wemmel",NA,"Gemeente","Commune"
230,23,"BEL","Belgium",2,"Vlaanderen",5,"Vlaams Brabant",14,"Halle-Vilvoorde",230,"Wezembeek-Oppem",NA,"Gemeente","Commune"
231,23,"BEL","Belgium",2,"Vlaanderen",5,"Vlaams Brabant",14,"Halle-Vilvoorde",231,"Zaventem",NA,"Gemeente","Commune"
232,23,"BEL","Belgium",2,"Vlaanderen",5,"Vlaams Brabant",14,"Halle-Vilvoorde",232,"Zemst",NA,"Gemeente","Commune"
233,23,"BEL","Belgium",2,"Vlaanderen",5,"Vlaams Brabant",15,"Leuven",233,"Aarschot",NA,"Gemeente","Commune"
234,23,"BEL","Belgium",2,"Vlaanderen",5,"Vlaams Brabant",15,"Leuven",234,"Begijnendijk",NA,"Gemeente","Commune"
235,23,"BEL","Belgium",2,"Vlaanderen",5,"Vlaams Brabant",15,"Leuven",235,"Bekkevoort",NA,"Gemeente","Commune"
236,23,"BEL","Belgium",2,"Vlaanderen",5,"Vlaams Brabant",15,"Leuven",236,"Bertem",NA,"Gemeente","Commune"
237,23,"BEL","Belgium",2,"Vlaanderen",5,"Vlaams Brabant",15,"Leuven",237,"Bierbeek",NA,"Gemeente","Commune"
238,23,"BEL","Belgium",2,"Vlaanderen",5,"Vlaams Brabant",15,"Leuven",238,"Boortmeerbeek",NA,"Gemeente","Commune"
239,23,"BEL","Belgium",2,"Vlaanderen",5,"Vlaams Brabant",15,"Leuven",239,"Boutersem",NA,"Gemeente","Commune"
240,23,"BEL","Belgium",2,"Vlaanderen",5,"Vlaams Brabant",15,"Leuven",240,"Diest",NA,"Gemeente","Commune"
241,23,"BEL","Belgium",2,"Vlaanderen",5,"Vlaams Brabant",15,"Leuven",241,"Geetbets",NA,"Gemeente","Commune"
242,23,"BEL","Belgium",2,"Vlaanderen",5,"Vlaams Brabant",15,"Leuven",242,"Glabbeek",NA,"Gemeente","Commune"
243,23,"BEL","Belgium",2,"Vlaanderen",5,"Vlaams Brabant",15,"Leuven",243,"Haacht",NA,"Gemeente","Commune"
244,23,"BEL","Belgium",2,"Vlaanderen",5,"Vlaams Brabant",15,"Leuven",244,"Herent",NA,"Gemeente","Commune"
245,23,"BEL","Belgium",2,"Vlaanderen",5,"Vlaams Brabant",15,"Leuven",245,"Hoegaarden",NA,"Gemeente","Commune"
246,23,"BEL","Belgium",2,"Vlaanderen",5,"Vlaams Brabant",15,"Leuven",246,"Holsbeek",NA,"Gemeente","Commune"
247,23,"BEL","Belgium",2,"Vlaanderen",5,"Vlaams Brabant",15,"Leuven",247,"Huldenberg",NA,"Gemeente","Commune"
248,23,"BEL","Belgium",2,"Vlaanderen",5,"Vlaams Brabant",15,"Leuven",248,"Keerbergen",NA,"Gemeente","Commune"
249,23,"BEL","Belgium",2,"Vlaanderen",5,"Vlaams Brabant",15,"Leuven",249,"Kortenaken",NA,"Gemeente","Commune"
250,23,"BEL","Belgium",2,"Vlaanderen",5,"Vlaams Brabant",15,"Leuven",250,"Kortenberg",NA,"Gemeente","Commune"
251,23,"BEL","Belgium",2,"Vlaanderen",5,"Vlaams Brabant",15,"Leuven",251,"Landen",NA,"Gemeente","Commune"
252,23,"BEL","Belgium",2,"Vlaanderen",5,"Vlaams Brabant",15,"Leuven",252,"Leuven",NA,"Gemeente","Commune"
253,23,"BEL","Belgium",2,"Vlaanderen",5,"Vlaams Brabant",15,"Leuven",253,"Linter",NA,"Gemeente","Commune"
254,23,"BEL","Belgium",2,"Vlaanderen",5,"Vlaams Brabant",15,"Leuven",254,"Lubbeek",NA,"Gemeente","Commune"
255,23,"BEL","Belgium",2,"Vlaanderen",5,"Vlaams Brabant",15,"Leuven",255,"Oud-Heverlee",NA,"Gemeente","Commune"
256,23,"BEL","Belgium",2,"Vlaanderen",5,"Vlaams Brabant",15,"Leuven",256,"Rotselaar",NA,"Gemeente","Commune"
257,23,"BEL","Belgium",2,"Vlaanderen",5,"Vlaams Brabant",15,"Leuven",257,"Scherpenheuvel-Zichem",NA,"Gemeente","Commune"
258,23,"BEL","Belgium",2,"Vlaanderen",5,"Vlaams Brabant",15,"Leuven",258,"Tervuren",NA,"Gemeente","Commune"
259,23,"BEL","Belgium",2,"Vlaanderen",5,"Vlaams Brabant",15,"Leuven",259,"Tielt-Winge",NA,"Gemeente","Commune"
260,23,"BEL","Belgium",2,"Vlaanderen",5,"Vlaams Brabant",15,"Leuven",260,"Tienen",NA,"Gemeente","Commune"
261,23,"BEL","Belgium",2,"Vlaanderen",5,"Vlaams Brabant",15,"Leuven",261,"Tremelo",NA,"Gemeente","Commune"
262,23,"BEL","Belgium",2,"Vlaanderen",5,"Vlaams Brabant",15,"Leuven",262,"Zoutleeuw",NA,"Gemeente","Commune"
263,23,"BEL","Belgium",2,"Vlaanderen",6,"West-Vlaanderen",16,"Brugge",263,"Beernem",NA,"Gemeente","Commune"
264,23,"BEL","Belgium",2,"Vlaanderen",6,"West-Vlaanderen",16,"Brugge",264,"Blankenberge",NA,"Gemeente","Commune"
265,23,"BEL","Belgium",2,"Vlaanderen",6,"West-Vlaanderen",16,"Brugge",265,"Brugge","Bruges","Gemeente","Commune"
266,23,"BEL","Belgium",2,"Vlaanderen",6,"West-Vlaanderen",16,"Brugge",266,"Damme",NA,"Gemeente","Commune"
267,23,"BEL","Belgium",2,"Vlaanderen",6,"West-Vlaanderen",16,"Brugge",267,"Jabbeke",NA,"Gemeente","Commune"
268,23,"BEL","Belgium",2,"Vlaanderen",6,"West-Vlaanderen",16,"Brugge",268,"Knokke-Heist",NA,"Gemeente","Commune"
269,23,"BEL","Belgium",2,"Vlaanderen",6,"West-Vlaanderen",16,"Brugge",269,"Oostkamp",NA,"Gemeente","Commune"
270,23,"BEL","Belgium",2,"Vlaanderen",6,"West-Vlaanderen",16,"Brugge",270,"Torhout",NA,"Gemeente","Commune"
271,23,"BEL","Belgium",2,"Vlaanderen",6,"West-Vlaanderen",16,"Brugge",271,"Zedelgem",NA,"Gemeente","Commune"
272,23,"BEL","Belgium",2,"Vlaanderen",6,"West-Vlaanderen",16,"Brugge",272,"Zuienkerke",NA,"Gemeente","Commune"
273,23,"BEL","Belgium",2,"Vlaanderen",6,"West-Vlaanderen",17,"Diksmuide",273,"Diksmuide",NA,"Gemeente","Commune"
274,23,"BEL","Belgium",2,"Vlaanderen",6,"West-Vlaanderen",17,"Diksmuide",274,"Houthulst",NA,"Gemeente","Commune"
275,23,"BEL","Belgium",2,"Vlaanderen",6,"West-Vlaanderen",17,"Diksmuide",275,"Koekelare",NA,"Gemeente","Commune"
276,23,"BEL","Belgium",2,"Vlaanderen",6,"West-Vlaanderen",17,"Diksmuide",276,"Kortemark",NA,"Gemeente","Commune"
277,23,"BEL","Belgium",2,"Vlaanderen",6,"West-Vlaanderen",17,"Diksmuide",277,"Lo-Reninge",NA,"Gemeente","Commune"
278,23,"BEL","Belgium",2,"Vlaanderen",6,"West-Vlaanderen",18,"Ieper",278,"Heuvelland",NA,"Gemeente","Commune"
279,23,"BEL","Belgium",2,"Vlaanderen",6,"West-Vlaanderen",18,"Ieper",279,"Ieper",NA,"Gemeente","Commune"
280,23,"BEL","Belgium",2,"Vlaanderen",6,"West-Vlaanderen",18,"Ieper",280,"Langemark-Poelkapelle",NA,"Gemeente","Commune"
281,23,"BEL","Belgium",2,"Vlaanderen",6,"West-Vlaanderen",18,"Ieper",281,"Poperinge",NA,"Gemeente","Commune"
282,23,"BEL","Belgium",2,"Vlaanderen",6,"West-Vlaanderen",18,"Ieper",282,"Vleteren",NA,"Gemeente","Commune"
283,23,"BEL","Belgium",2,"Vlaanderen",6,"West-Vlaanderen",18,"Ieper",283,"Wervik",NA,"Gemeente","Commune"
284,23,"BEL","Belgium",2,"Vlaanderen",6,"West-Vlaanderen",18,"Ieper",284,"Zonnebeke",NA,"Gemeente","Commune"
285,23,"BEL","Belgium",2,"Vlaanderen",6,"West-Vlaanderen",19,"Kortrijk",285,"Anzegem",NA,"Gemeente","Commune"
286,23,"BEL","Belgium",2,"Vlaanderen",6,"West-Vlaanderen",19,"Kortrijk",286,"Avelgem",NA,"Gemeente","Commune"
287,23,"BEL","Belgium",2,"Vlaanderen",6,"West-Vlaanderen",19,"Kortrijk",287,"Deerlijk",NA,"Gemeente","Commune"
288,23,"BEL","Belgium",2,"Vlaanderen",6,"West-Vlaanderen",19,"Kortrijk",288,"Harelbeke",NA,"Gemeente","Commune"
289,23,"BEL","Belgium",2,"Vlaanderen",6,"West-Vlaanderen",19,"Kortrijk",289,"Kortrijk",NA,"Gemeente","Commune"
290,23,"BEL","Belgium",2,"Vlaanderen",6,"West-Vlaanderen",19,"Kortrijk",290,"Kuurne",NA,"Gemeente","Commune"
291,23,"BEL","Belgium",2,"Vlaanderen",6,"West-Vlaanderen",19,"Kortrijk",291,"Lendelede",NA,"Gemeente","Commune"
292,23,"BEL","Belgium",2,"Vlaanderen",6,"West-Vlaanderen",19,"Kortrijk",292,"Menen",NA,"Gemeente","Commune"
293,23,"BEL","Belgium",2,"Vlaanderen",6,"West-Vlaanderen",19,"Kortrijk",293,"Spiere-Helkijn",NA,"Commune","Commune"
294,23,"BEL","Belgium",2,"Vlaanderen",6,"West-Vlaanderen",19,"Kortrijk",294,"Waregem",NA,"Gemeente","Commune"
295,23,"BEL","Belgium",2,"Vlaanderen",6,"West-Vlaanderen",19,"Kortrijk",295,"Wevelgem",NA,"Gemeente","Commune"
296,23,"BEL","Belgium",2,"Vlaanderen",6,"West-Vlaanderen",19,"Kortrijk",296,"Zwevegem",NA,"Gemeente","Commune"
297,23,"BEL","Belgium",2,"Vlaanderen",6,"West-Vlaanderen",20,"Oostende",297,"Bredene",NA,"Gemeente","Commune"
298,23,"BEL","Belgium",2,"Vlaanderen",6,"West-Vlaanderen",20,"Oostende",298,"De Haan",NA,"Gemeente","Commune"
299,23,"BEL","Belgium",2,"Vlaanderen",6,"West-Vlaanderen",20,"Oostende",299,"Gistel",NA,"Gemeente","Commune"
300,23,"BEL","Belgium",2,"Vlaanderen",6,"West-Vlaanderen",20,"Oostende",300,"Ichtegem",NA,"Gemeente","Commune"
301,23,"BEL","Belgium",2,"Vlaanderen",6,"West-Vlaanderen",20,"Oostende",301,"Middelkerke",NA,"Gemeente","Commune"
302,23,"BEL","Belgium",2,"Vlaanderen",6,"West-Vlaanderen",20,"Oostende",302,"Oostende",NA,"Gemeente","Commune"
303,23,"BEL","Belgium",2,"Vlaanderen",6,"West-Vlaanderen",20,"Oostende",303,"Oudenburg",NA,"Gemeente","Commune"
304,23,"BEL","Belgium",2,"Vlaanderen",6,"West-Vlaanderen",21,"Roeselare",304,"Hooglede",NA,"Gemeente","Commune"
305,23,"BEL","Belgium",2,"Vlaanderen",6,"West-Vlaanderen",21,"Roeselare",305,"Ingelmunster",NA,"Gemeente","Commune"
306,23,"BEL","Belgium",2,"Vlaanderen",6,"West-Vlaanderen",21,"Roeselare",306,"Izegem",NA,"Gemeente","Commune"
307,23,"BEL","Belgium",2,"Vlaanderen",6,"West-Vlaanderen",21,"Roeselare",307,"Ledegem",NA,"Gemeente","Commune"
308,23,"BEL","Belgium",2,"Vlaanderen",6,"West-Vlaanderen",21,"Roeselare",308,"Lichtervelde",NA,"Gemeente","Commune"
309,23,"BEL","Belgium",2,"Vlaanderen",6,"West-Vlaanderen",21,"Roeselare",309,"Moorslede",NA,"Gemeente","Commune"
310,23,"BEL","Belgium",2,"Vlaanderen",6,"West-Vlaanderen",21,"Roeselare",310,"Roeselare",NA,"Gemeente","Commune"
311,23,"BEL","Belgium",2,"Vlaanderen",6,"West-Vlaanderen",21,"Roeselare",311,"Staden",NA,"Gemeente","Commune"
312,23,"BEL","Belgium",2,"Vlaanderen",6,"West-Vlaanderen",22,"Tielt",312,"Ardooie",NA,"Gemeente","Commune"
313,23,"BEL","Belgium",2,"Vlaanderen",6,"West-Vlaanderen",22,"Tielt",313,"Dentergem",NA,"Gemeente","Commune"
314,23,"BEL","Belgium",2,"Vlaanderen",6,"West-Vlaanderen",22,"Tielt",314,"Meulebeke",NA,"Gemeente","Commune"
315,23,"BEL","Belgium",2,"Vlaanderen",6,"West-Vlaanderen",22,"Tielt",315,"Oostrozebeke",NA,"Gemeente","Commune"
316,23,"BEL","Belgium",2,"Vlaanderen",6,"West-Vlaanderen",22,"Tielt",316,"Pittem",NA,"Gemeente","Commune"
317,23,"BEL","Belgium",2,"Vlaanderen",6,"West-Vlaanderen",22,"Tielt",317,"Ruiselede",NA,"Gemeente","Commune"
318,23,"BEL","Belgium",2,"Vlaanderen",6,"West-Vlaanderen",22,"Tielt",318,"Tielt",NA,"Gemeente","Commune"
319,23,"BEL","Belgium",2,"Vlaanderen",6,"West-Vlaanderen",22,"Tielt",319,"Wielsbeke",NA,"Gemeente","Commune"
320,23,"BEL","Belgium",2,"Vlaanderen",6,"West-Vlaanderen",22,"Tielt",320,"Wingene",NA,"Gemeente","Commune"
321,23,"BEL","Belgium",2,"Vlaanderen",6,"West-Vlaanderen",23,"Veurne",321,"Alveringem",NA,"Gemeente","Commune"
322,23,"BEL","Belgium",2,"Vlaanderen",6,"West-Vlaanderen",23,"Veurne",322,"De Panne",NA,"Gemeente","Commune"
323,23,"BEL","Belgium",2,"Vlaanderen",6,"West-Vlaanderen",23,"Veurne",323,"Koksijde",NA,"Gemeente","Commune"
324,23,"BEL","Belgium",2,"Vlaanderen",6,"West-Vlaanderen",23,"Veurne",324,"Nieuwpoort",NA,"Gemeente","Commune"
325,23,"BEL","Belgium",2,"Vlaanderen",6,"West-Vlaanderen",23,"Veurne",325,"Veurne",NA,"Gemeente","Commune"
326,23,"BEL","Belgium",3,"Wallonie",7,"Brabant Wallon",24,"Nivelles",326,"Beauvechain","Bevekom","Commune","Commune"
327,23,"BEL","Belgium",3,"Wallonie",7,"Brabant Wallon",24,"Nivelles",327,"Braine-l'Alleud","Eigenbrakel","Commune","Commune"
328,23,"BEL","Belgium",3,"Wallonie",7,"Brabant Wallon",24,"Nivelles",328,"Braine-le-Château","Kasteelbrakel","Commune","Commune"
329,23,"BEL","Belgium",3,"Wallonie",7,"Brabant Wallon",24,"Nivelles",329,"Chastre",NA,"Commune","Commune"
330,23,"BEL","Belgium",3,"Wallonie",7,"Brabant Wallon",24,"Nivelles",330,"Chaumont-Gistoux",NA,"Commune","Commune"
331,23,"BEL","Belgium",3,"Wallonie",7,"Brabant Wallon",24,"Nivelles",331,"Court-Saint-Etienne",NA,"Commune","Commune"
332,23,"BEL","Belgium",3,"Wallonie",7,"Brabant Wallon",24,"Nivelles",332,"Genappe","Genepiën","Commune","Commune"
333,23,"BEL","Belgium",3,"Wallonie",7,"Brabant Wallon",24,"Nivelles",333,"Grez-Doiceau","Graven","Commune","Commune"
334,23,"BEL","Belgium",3,"Wallonie",7,"Brabant Wallon",24,"Nivelles",334,"Hélécine",NA,"Commune","Commune"
335,23,"BEL","Belgium",3,"Wallonie",7,"Brabant Wallon",24,"Nivelles",335,"Incourt",NA,"Commune","Commune"
336,23,"BEL","Belgium",3,"Wallonie",7,"Brabant Wallon",24,"Nivelles",336,"Ittre","Itter","Commune","Commune"
337,23,"BEL","Belgium",3,"Wallonie",7,"Brabant Wallon",24,"Nivelles",337,"Jodoigne","Geldenaken","Commune","Commune"
338,23,"BEL","Belgium",3,"Wallonie",7,"Brabant Wallon",24,"Nivelles",338,"La Hulpe","Terhulpen","Commune","Commune"
339,23,"BEL","Belgium",3,"Wallonie",7,"Brabant Wallon",24,"Nivelles",339,"Lasne",NA,"Commune","Commune"
340,23,"BEL","Belgium",3,"Wallonie",7,"Brabant Wallon",24,"Nivelles",340,"Mont-Saint-Guibert",NA,"Commune","Commune"
341,23,"BEL","Belgium",3,"Wallonie",7,"Brabant Wallon",24,"Nivelles",341,"Nivelles","Nijvel","Commune","Commune"
342,23,"BEL","Belgium",3,"Wallonie",7,"Brabant Wallon",24,"Nivelles",342,"Orp-Jauche",NA,"Commune","Commune"
343,23,"BEL","Belgium",3,"Wallonie",7,"Brabant Wallon",24,"Nivelles",343,"Ottignies-Louvain-la-Neuve",NA,"Commune","Commune"
344,23,"BEL","Belgium",3,"Wallonie",7,"Brabant Wallon",24,"Nivelles",344,"Perwez","Perwijs","Commune","Commune"
345,23,"BEL","Belgium",3,"Wallonie",7,"Brabant Wallon",24,"Nivelles",345,"Ramillies",NA,"Commune","Commune"
346,23,"BEL","Belgium",3,"Wallonie",7,"Brabant Wallon",24,"Nivelles",346,"Rebecq",NA,"Commune","Commune"
347,23,"BEL","Belgium",3,"Wallonie",7,"Brabant Wallon",24,"Nivelles",347,"Rixensart",NA,"Commune","Commune"
348,23,"BEL","Belgium",3,"Wallonie",7,"Brabant Wallon",24,"Nivelles",348,"Tubize","Tubeke","Commune","Commune"
349,23,"BEL","Belgium",3,"Wallonie",7,"Brabant Wallon",24,"Nivelles",349,"Villers-la-Ville",NA,"Commune","Commune"
350,23,"BEL","Belgium",3,"Wallonie",7,"Brabant Wallon",24,"Nivelles",350,"Walhain",NA,"Commune","Commune"
351,23,"BEL","Belgium",3,"Wallonie",7,"Brabant Wallon",24,"Nivelles",351,"Waterloo",NA,"Commune","Commune"
352,23,"BEL","Belgium",3,"Wallonie",7,"Brabant Wallon",24,"Nivelles",352,"Wavre","Waver","Commune","Commune"
353,23,"BEL","Belgium",3,"Wallonie",8,"Hainaut",25,"Ath",353,"Ath","Aat","Commune","Commune"
354,23,"BEL","Belgium",3,"Wallonie",8,"Hainaut",25,"Ath",354,"Bel?il",NA,"Commune","Commune"
355,23,"BEL","Belgium",3,"Wallonie",8,"Hainaut",25,"Ath",355,"Bernissart",NA,"Commune","Commune"
356,23,"BEL","Belgium",3,"Wallonie",8,"Hainaut",25,"Ath",356,"Brugelette",NA,"Commune","Commune"
357,23,"BEL","Belgium",3,"Wallonie",8,"Hainaut",25,"Ath",357,"Chièvres",NA,"Commune","Commune"
358,23,"BEL","Belgium",3,"Wallonie",8,"Hainaut",25,"Ath",358,"Ellezelles","Elzele","Commune","Commune"
359,23,"BEL","Belgium",3,"Wallonie",8,"Hainaut",25,"Ath",359,"Flobecq","Vloesberg","Commune","Commune"
360,23,"BEL","Belgium",3,"Wallonie",8,"Hainaut",25,"Ath",360,"Frasnes-lez-Anvaing",NA,"Commune","Commune"
361,23,"BEL","Belgium",3,"Wallonie",8,"Hainaut",26,"Charleroi",361,"Aiseau-Presles",NA,"Commune","Commune"
362,23,"BEL","Belgium",3,"Wallonie",8,"Hainaut",26,"Charleroi",362,"Châtelet",NA,"Commune","Commune"
363,23,"BEL","Belgium",3,"Wallonie",8,"Hainaut",26,"Charleroi",363,"Chapelle-lez-Herlaimont",NA,"Commune","Commune"
364,23,"BEL","Belgium",3,"Wallonie",8,"Hainaut",26,"Charleroi",364,"Charleroi",NA,"Commune","Commune"
365,23,"BEL","Belgium",3,"Wallonie",8,"Hainaut",26,"Charleroi",365,"Courcelles",NA,"Commune","Commune"
366,23,"BEL","Belgium",3,"Wallonie",8,"Hainaut",26,"Charleroi",366,"Farciennes",NA,"Commune","Commune"
367,23,"BEL","Belgium",3,"Wallonie",8,"Hainaut",26,"Charleroi",367,"Fleurus",NA,"Commune","Commune"
368,23,"BEL","Belgium",3,"Wallonie",8,"Hainaut",26,"Charleroi",368,"Fontaine-l'Evêque",NA,"Commune","Commune"
369,23,"BEL","Belgium",3,"Wallonie",8,"Hainaut",26,"Charleroi",369,"Gerpinnes",NA,"Commune","Commune"
370,23,"BEL","Belgium",3,"Wallonie",8,"Hainaut",26,"Charleroi",370,"Les Bons Villers",NA,"Commune","Commune"
371,23,"BEL","Belgium",3,"Wallonie",8,"Hainaut",26,"Charleroi",371,"Manage",NA,"Commune","Commune"
372,23,"BEL","Belgium",3,"Wallonie",8,"Hainaut",26,"Charleroi",372,"Montigny-le-Tilleul",NA,"Commune","Commune"
373,23,"BEL","Belgium",3,"Wallonie",8,"Hainaut",26,"Charleroi",373,"Pont-à-Celles",NA,"Commune","Commune"
374,23,"BEL","Belgium",3,"Wallonie",8,"Hainaut",26,"Charleroi",374,"Seneffe",NA,"Commune","Commune"
375,23,"BEL","Belgium",3,"Wallonie",8,"Hainaut",27,"Moeskroen",375,"Comines-Warneton","Komen-Waasten","Commune","Commune"
376,23,"BEL","Belgium",3,"Wallonie",8,"Hainaut",27,"Moeskroen",376,"Mesen",NA,"Gemeente","Commune"
377,23,"BEL","Belgium",3,"Wallonie",8,"Hainaut",27,"Moeskroen",377,"Mouscron","Moeskroen","Commune","Commune"
378,23,"BEL","Belgium",3,"Wallonie",8,"Hainaut",28,"Mons",378,"Boussu",NA,"Commune","Commune"
379,23,"BEL","Belgium",3,"Wallonie",8,"Hainaut",28,"Mons",379,"Colfontaine",NA,"Commune","Commune"
380,23,"BEL","Belgium",3,"Wallonie",8,"Hainaut",28,"Mons",380,"Dour",NA,"Commune","Commune"
381,23,"BEL","Belgium",3,"Wallonie",8,"Hainaut",28,"Mons",381,"Frameries",NA,"Commune","Commune"
382,23,"BEL","Belgium",3,"Wallonie",8,"Hainaut",28,"Mons",382,"Hensies",NA,"Commune","Commune"
383,23,"BEL","Belgium",3,"Wallonie",8,"Hainaut",28,"Mons",383,"Honnelles",NA,"Commune","Commune"
384,23,"BEL","Belgium",3,"Wallonie",8,"Hainaut",28,"Mons",384,"Jurbise","Jurbeke","Commune","Commune"
385,23,"BEL","Belgium",3,"Wallonie",8,"Hainaut",28,"Mons",385,"Lens",NA,"Commune","Commune"
386,23,"BEL","Belgium",3,"Wallonie",8,"Hainaut",28,"Mons",386,"Mons","Bergen","Commune","Commune"
387,23,"BEL","Belgium",3,"Wallonie",8,"Hainaut",28,"Mons",387,"Quévy",NA,"Commune","Commune"
388,23,"BEL","Belgium",3,"Wallonie",8,"Hainaut",28,"Mons",388,"Quaregnon",NA,"Commune","Commune"
389,23,"BEL","Belgium",3,"Wallonie",8,"Hainaut",28,"Mons",389,"Quiévrain",NA,"Commune","Commune"
390,23,"BEL","Belgium",3,"Wallonie",8,"Hainaut",28,"Mons",390,"Saint-Ghislain",NA,"Commune","Commune"
391,23,"BEL","Belgium",3,"Wallonie",8,"Hainaut",29,"Soignies",391,"Écaussinnes",NA,"Commune","Commune"
392,23,"BEL","Belgium",3,"Wallonie",8,"Hainaut",29,"Soignies",392,"Braine-le-Comte","'s-Gravenbrakel","Commune","Commune"
393,23,"BEL","Belgium",3,"Wallonie",8,"Hainaut",29,"Soignies",393,"Enghien","Edingen","Commune","Commune"
394,23,"BEL","Belgium",3,"Wallonie",8,"Hainaut",29,"Soignies",394,"La Louvière",NA,"Commune","Commune"
395,23,"BEL","Belgium",3,"Wallonie",8,"Hainaut",29,"Soignies",395,"Le R?ulx",NA,"Commune","Commune"
396,23,"BEL","Belgium",3,"Wallonie",8,"Hainaut",29,"Soignies",396,"Lessines","Lessen","Commune","Commune"
397,23,"BEL","Belgium",3,"Wallonie",8,"Hainaut",29,"Soignies",397,"Silly","Opzullik","Commune","Commune"
398,23,"BEL","Belgium",3,"Wallonie",8,"Hainaut",29,"Soignies",398,"Soignies","Zinnik","Commune","Commune"
399,23,"BEL","Belgium",3,"Wallonie",8,"Hainaut",30,"Thuin",399,"Anderlues",NA,"Commune","Commune"
400,23,"BEL","Belgium",3,"Wallonie",8,"Hainaut",30,"Thuin",400,"Beaumont",NA,"Commune","Commune"
401,23,"BEL","Belgium",3,"Wallonie",8,"Hainaut",30,"Thuin",401,"Binche",NA,"Commune","Commune"
402,23,"BEL","Belgium",3,"Wallonie",8,"Hainaut",30,"Thuin",402,"Chimay",NA,"Commune","Commune"
403,23,"BEL","Belgium",3,"Wallonie",8,"Hainaut",30,"Thuin",403,"Erquelinnes",NA,"Commune","Commune"
404,23,"BEL","Belgium",3,"Wallonie",8,"Hainaut",30,"Thuin",404,"Estinnes",NA,"Commune","Commune"
405,23,"BEL","Belgium",3,"Wallonie",8,"Hainaut",30,"Thuin",405,"Froidchapelle",NA,"Commune","Commune"
406,23,"BEL","Belgium",3,"Wallonie",8,"Hainaut",30,"Thuin",406,"Ham-sur-Heure-Nalinnes",NA,"Commune","Commune"
407,23,"BEL","Belgium",3,"Wallonie",8,"Hainaut",30,"Thuin",407,"Lobbes",NA,"Commune","Commune"
408,23,"BEL","Belgium",3,"Wallonie",8,"Hainaut",30,"Thuin",408,"Merbes-le-Château",NA,"Commune","Commune"
409,23,"BEL","Belgium",3,"Wallonie",8,"Hainaut",30,"Thuin",409,"Momignies",NA,"Commune","Commune"
410,23,"BEL","Belgium",3,"Wallonie",8,"Hainaut",30,"Thuin",410,"Morlanwelz",NA,"Commune","Commune"
411,23,"BEL","Belgium",3,"Wallonie",8,"Hainaut",30,"Thuin",411,"Sivry-Rance",NA,"Commune","Commune"
412,23,"BEL","Belgium",3,"Wallonie",8,"Hainaut",30,"Thuin",412,"Thuin",NA,"Commune","Commune"
413,23,"BEL","Belgium",3,"Wallonie",8,"Hainaut",31,"Tournai",413,"Antoing",NA,"Commune","Commune"
414,23,"BEL","Belgium",3,"Wallonie",8,"Hainaut",31,"Tournai",414,"Brunehaut",NA,"Commune","Commune"
415,23,"BEL","Belgium",3,"Wallonie",8,"Hainaut",31,"Tournai",415,"Celles",NA,"Commune","Commune"
416,23,"BEL","Belgium",3,"Wallonie",8,"Hainaut",31,"Tournai",416,"Estaimpuis","Steenput","Commune","Commune"
417,23,"BEL","Belgium",3,"Wallonie",8,"Hainaut",31,"Tournai",417,"Leuze-en-Hainaut",NA,"Commune","Commune"
418,23,"BEL","Belgium",3,"Wallonie",8,"Hainaut",31,"Tournai",418,"Mont-de-l'Enclus",NA,"Commune","Commune"
419,23,"BEL","Belgium",3,"Wallonie",8,"Hainaut",31,"Tournai",419,"Péruwelz",NA,"Commune","Commune"
420,23,"BEL","Belgium",3,"Wallonie",8,"Hainaut",31,"Tournai",420,"Pecq",NA,"Commune","Commune"
421,23,"BEL","Belgium",3,"Wallonie",8,"Hainaut",31,"Tournai",421,"Rumes",NA,"Commune","Commune"
422,23,"BEL","Belgium",3,"Wallonie",8,"Hainaut",31,"Tournai",422,"Tournai","Doornik","Commune","Commune"
423,23,"BEL","Belgium",3,"Wallonie",9,"Liège",32,"Huy",423,"Amay",NA,"Commune","Commune"
424,23,"BEL","Belgium",3,"Wallonie",9,"Liège",32,"Huy",424,"Anthisnes",NA,"Commune","Commune"
425,23,"BEL","Belgium",3,"Wallonie",9,"Liège",32,"Huy",425,"Burdinne",NA,"Commune","Commune"
426,23,"BEL","Belgium",3,"Wallonie",9,"Liège",32,"Huy",426,"Clavier",NA,"Commune","Commune"
427,23,"BEL","Belgium",3,"Wallonie",9,"Liège",32,"Huy",427,"Engis",NA,"Commune","Commune"
428,23,"BEL","Belgium",3,"Wallonie",9,"Liège",32,"Huy",428,"Ferrières",NA,"Commune","Commune"
429,23,"BEL","Belgium",3,"Wallonie",9,"Liège",32,"Huy",429,"Héron",NA,"Commune","Commune"
430,23,"BEL","Belgium",3,"Wallonie",9,"Liège",32,"Huy",430,"Hamoir",NA,"Commune","Commune"
431,23,"BEL","Belgium",3,"Wallonie",9,"Liège",32,"Huy",431,"Huy","Hoei","Commune","Commune"
432,23,"BEL","Belgium",3,"Wallonie",9,"Liège",32,"Huy",432,"Marchin",NA,"Commune","Commune"
433,23,"BEL","Belgium",3,"Wallonie",9,"Liège",32,"Huy",433,"Modave",NA,"Commune","Commune"
434,23,"BEL","Belgium",3,"Wallonie",9,"Liège",32,"Huy",434,"Nandrin",NA,"Commune","Commune"
435,23,"BEL","Belgium",3,"Wallonie",9,"Liège",32,"Huy",435,"Ouffet",NA,"Commune","Commune"
436,23,"BEL","Belgium",3,"Wallonie",9,"Liège",32,"Huy",436,"Tinlot",NA,"Commune","Commune"
437,23,"BEL","Belgium",3,"Wallonie",9,"Liège",32,"Huy",437,"Verlaine",NA,"Commune","Commune"
438,23,"BEL","Belgium",3,"Wallonie",9,"Liège",32,"Huy",438,"Villers-le-Bouillet",NA,"Commune","Commune"
439,23,"BEL","Belgium",3,"Wallonie",9,"Liège",32,"Huy",439,"Wanze",NA,"Commune","Commune"
440,23,"BEL","Belgium",3,"Wallonie",9,"Liège",33,"Liège",440,"Ans",NA,"Commune","Commune"
441,23,"BEL","Belgium",3,"Wallonie",9,"Liège",33,"Liège",441,"Awans",NA,"Commune","Commune"
442,23,"BEL","Belgium",3,"Wallonie",9,"Liège",33,"Liège",442,"Aywaille",NA,"Commune","Commune"
443,23,"BEL","Belgium",3,"Wallonie",9,"Liège",33,"Liège",443,"Beyne-Heusay",NA,"Commune","Commune"
444,23,"BEL","Belgium",3,"Wallonie",9,"Liège",33,"Liège",444,"Bitsingen","Bassenge","Commune","Commune"
445,23,"BEL","Belgium",3,"Wallonie",9,"Liège",33,"Liège",445,"Blegny",NA,"Commune","Commune"
446,23,"BEL","Belgium",3,"Wallonie",9,"Liège",33,"Liège",446,"Chaudfontaine",NA,"Commune","Commune"
447,23,"BEL","Belgium",3,"Wallonie",9,"Liège",33,"Liège",447,"Comblain-au-Pont",NA,"Commune","Commune"
448,23,"BEL","Belgium",3,"Wallonie",9,"Liège",33,"Liège",448,"Dalhem",NA,"Commune","Commune"
449,23,"BEL","Belgium",3,"Wallonie",9,"Liège",33,"Liège",449,"Esneux",NA,"Commune","Commune"
450,23,"BEL","Belgium",3,"Wallonie",9,"Liège",33,"Liège",450,"Flémalle",NA,"Commune","Commune"
451,23,"BEL","Belgium",3,"Wallonie",9,"Liège",33,"Liège",451,"Fléron",NA,"Commune","Commune"
452,23,"BEL","Belgium",3,"Wallonie",9,"Liège",33,"Liège",452,"Grâce-Hollogne",NA,"Commune","Commune"
453,23,"BEL","Belgium",3,"Wallonie",9,"Liège",33,"Liège",453,"Herstal",NA,"Commune","Commune"
454,23,"BEL","Belgium",3,"Wallonie",9,"Liège",33,"Liège",454,"Juprelle",NA,"Commune","Commune"
455,23,"BEL","Belgium",3,"Wallonie",9,"Liège",33,"Liège",455,"Liège","Luik","Commune","Commune"
456,23,"BEL","Belgium",3,"Wallonie",9,"Liège",33,"Liège",456,"Neupré",NA,"Commune","Commune"
457,23,"BEL","Belgium",3,"Wallonie",9,"Liège",33,"Liège",457,"Oupeye",NA,"Commune","Commune"
458,23,"BEL","Belgium",3,"Wallonie",9,"Liège",33,"Liège",458,"Saint-Nicolas",NA,"Commune","Commune"
459,23,"BEL","Belgium",3,"Wallonie",9,"Liège",33,"Liège",459,"Seraing",NA,"Commune","Commune"
460,23,"BEL","Belgium",3,"Wallonie",9,"Liège",33,"Liège",460,"Soumagne",NA,"Commune","Commune"
461,23,"BEL","Belgium",3,"Wallonie",9,"Liège",33,"Liège",461,"Sprimont",NA,"Commune","Commune"
462,23,"BEL","Belgium",3,"Wallonie",9,"Liège",33,"Liège",462,"Trooz",NA,"Commune","Commune"
463,23,"BEL","Belgium",3,"Wallonie",9,"Liège",33,"Liège",463,"Visé","Wezet","Commune","Commune"
464,23,"BEL","Belgium",3,"Wallonie",9,"Liège",34,"Verviers",464,"Amel",NA,"Commune","Commune"
465,23,"BEL","Belgium",3,"Wallonie",9,"Liège",34,"Verviers",465,"Aubel",NA,"Commune","Commune"
466,23,"BEL","Belgium",3,"Wallonie",9,"Liège",34,"Verviers",466,"Büllingen",NA,"Commune","Commune"
467,23,"BEL","Belgium",3,"Wallonie",9,"Liège",34,"Verviers",467,"Bütgenbach",NA,"Commune","Commune"
468,23,"BEL","Belgium",3,"Wallonie",9,"Liège",34,"Verviers",468,"Baelen",NA,"Commune","Commune"
469,23,"BEL","Belgium",3,"Wallonie",9,"Liège",34,"Verviers",469,"Burg-Reuland",NA,"Commune","Commune"
470,23,"BEL","Belgium",3,"Wallonie",9,"Liège",34,"Verviers",470,"Dison",NA,"Commune","Commune"
471,23,"BEL","Belgium",3,"Wallonie",9,"Liège",34,"Verviers",471,"Eupen",NA,"Commune","Commune"
472,23,"BEL","Belgium",3,"Wallonie",9,"Liège",34,"Verviers",472,"Herve",NA,"Commune","Commune"
473,23,"BEL","Belgium",3,"Wallonie",9,"Liège",34,"Verviers",473,"Jalhay",NA,"Commune","Commune"
474,23,"BEL","Belgium",3,"Wallonie",9,"Liège",34,"Verviers",474,"Kelmis",NA,"Commune","Commune"
475,23,"BEL","Belgium",3,"Wallonie",9,"Liège",34,"Verviers",475,"Lierneux",NA,"Commune","Commune"
476,23,"BEL","Belgium",3,"Wallonie",9,"Liège",34,"Verviers",476,"Limbourg","Limburg","Commune","Commune"
477,23,"BEL","Belgium",3,"Wallonie",9,"Liège",34,"Verviers",477,"Lontzen",NA,"Commune","Commune"
478,23,"BEL","Belgium",3,"Wallonie",9,"Liège",34,"Verviers",478,"Malmedy",NA,"Commune","Commune"
479,23,"BEL","Belgium",3,"Wallonie",9,"Liège",34,"Verviers",479,"Olne",NA,"Commune","Commune"
480,23,"BEL","Belgium",3,"Wallonie",9,"Liège",34,"Verviers",480,"Pepinster",NA,"Commune","Commune"
481,23,"BEL","Belgium",3,"Wallonie",9,"Liège",34,"Verviers",481,"Plombières","Blieberg","Commune","Commune"
482,23,"BEL","Belgium",3,"Wallonie",9,"Liège",34,"Verviers",482,"Raeren",NA,"Commune","Commune"
483,23,"BEL","Belgium",3,"Wallonie",9,"Liège",34,"Verviers",483,"Sankt Vith",NA,"Commune","Commune"
484,23,"BEL","Belgium",3,"Wallonie",9,"Liège",34,"Verviers",484,"Spa",NA,"Commune","Commune"
485,23,"BEL","Belgium",3,"Wallonie",9,"Liège",34,"Verviers",485,"Stavelot",NA,"Commune","Commune"
486,23,"BEL","Belgium",3,"Wallonie",9,"Liège",34,"Verviers",486,"Stoumont",NA,"Commune","Commune"
487,23,"BEL","Belgium",3,"Wallonie",9,"Liège",34,"Verviers",487,"Theux",NA,"Commune","Commune"
488,23,"BEL","Belgium",3,"Wallonie",9,"Liège",34,"Verviers",488,"Thimister-Clermont",NA,"Commune","Commune"
489,23,"BEL","Belgium",3,"Wallonie",9,"Liège",34,"Verviers",489,"Trois-Ponts",NA,"Commune","Commune"
490,23,"BEL","Belgium",3,"Wallonie",9,"Liège",34,"Verviers",490,"Verviers",NA,"Commune","Commune"
491,23,"BEL","Belgium",3,"Wallonie",9,"Liège",34,"Verviers",491,"Weismes",NA,"Commune","Commune"
492,23,"BEL","Belgium",3,"Wallonie",9,"Liège",34,"Verviers",492,"Welkenraedt",NA,"Commune","Commune"
493,23,"BEL","Belgium",3,"Wallonie",9,"Liège",35,"Waremme",493,"Berloz",NA,"Commune","Commune"
494,23,"BEL","Belgium",3,"Wallonie",9,"Liège",35,"Waremme",494,"Braives",NA,"Commune","Commune"
495,23,"BEL","Belgium",3,"Wallonie",9,"Liège",35,"Waremme",495,"Crisnée",NA,"Commune","Commune"
496,23,"BEL","Belgium",3,"Wallonie",9,"Liège",35,"Waremme",496,"Donceel",NA,"Commune","Commune"
497,23,"BEL","Belgium",3,"Wallonie",9,"Liège",35,"Waremme",497,"Faimes",NA,"Commune","Commune"
498,23,"BEL","Belgium",3,"Wallonie",9,"Liège",35,"Waremme",498,"Fexhe-le-Haut-Clocher",NA,"Commune","Commune"
499,23,"BEL","Belgium",3,"Wallonie",9,"Liège",35,"Waremme",499,"Geer",NA,"Commune","Commune"
500,23,"BEL","Belgium",3,"Wallonie",9,"Liège",35,"Waremme",500,"Hannuit","Hannut","Commune","Commune"
501,23,"BEL","Belgium",3,"Wallonie",9,"Liège",35,"Waremme",501,"Lincent","Lijsem","Commune","Commune"
502,23,"BEL","Belgium",3,"Wallonie",9,"Liège",35,"Waremme",502,"Oreye","Oerle","Commune","Commune"
503,23,"BEL","Belgium",3,"Wallonie",9,"Liège",35,"Waremme",503,"Remicourt",NA,"Commune","Commune"
504,23,"BEL","Belgium",3,"Wallonie",9,"Liège",35,"Waremme",504,"Saint-Georges-sur-Meuse",NA,"Commune","Commune"
505,23,"BEL","Belgium",3,"Wallonie",9,"Liège",35,"Waremme",505,"Waremme","Borgworm","Commune","Commune"
506,23,"BEL","Belgium",3,"Wallonie",9,"Liège",35,"Waremme",506,"Wasseiges",NA,"Commune","Commune"
507,23,"BEL","Belgium",3,"Wallonie",10,"Limburg",36,"Hasselt",507,"Gingelom",NA,"Commune","Commune"
508,23,"BEL","Belgium",3,"Wallonie",11,"Luxembourg",37,"Arlon",508,"Arlon","Aarlen","Commune","Commune"
509,23,"BEL","Belgium",3,"Wallonie",11,"Luxembourg",37,"Arlon",509,"Attert",NA,"Commune","Commune"
510,23,"BEL","Belgium",3,"Wallonie",11,"Luxembourg",37,"Arlon",510,"Aubange",NA,"Commune","Commune"
511,23,"BEL","Belgium",3,"Wallonie",11,"Luxembourg",37,"Arlon",511,"Martelange",NA,"Commune","Commune"
512,23,"BEL","Belgium",3,"Wallonie",11,"Luxembourg",37,"Arlon",512,"Messancy",NA,"Commune","Commune"
513,23,"BEL","Belgium",3,"Wallonie",11,"Luxembourg",38,"Bastogne",513,"Bastogne","Bastenaken","Commune","Commune"
514,23,"BEL","Belgium",3,"Wallonie",11,"Luxembourg",38,"Bastogne",514,"Bertogne",NA,"Commune","Commune"
515,23,"BEL","Belgium",3,"Wallonie",11,"Luxembourg",38,"Bastogne",515,"Fauvillers",NA,"Commune","Commune"
516,23,"BEL","Belgium",3,"Wallonie",11,"Luxembourg",38,"Bastogne",516,"Gouvy",NA,"Commune","Commune"
517,23,"BEL","Belgium",3,"Wallonie",11,"Luxembourg",38,"Bastogne",517,"Houffalize",NA,"Commune","Commune"
518,23,"BEL","Belgium",3,"Wallonie",11,"Luxembourg",38,"Bastogne",518,"Sainte-Ode",NA,"Commune","Commune"
519,23,"BEL","Belgium",3,"Wallonie",11,"Luxembourg",38,"Bastogne",519,"Vaux-sur-Sûre",NA,"Commune","Commune"
520,23,"BEL","Belgium",3,"Wallonie",11,"Luxembourg",38,"Bastogne",520,"Vielsalm",NA,"Commune","Commune"
521,23,"BEL","Belgium",3,"Wallonie",11,"Luxembourg",39,"Marche-en-Famenne",521,"Durbuy",NA,"Commune","Commune"
522,23,"BEL","Belgium",3,"Wallonie",11,"Luxembourg",39,"Marche-en-Famenne",522,"Erezée",NA,"Commune","Commune"
523,23,"BEL","Belgium",3,"Wallonie",11,"Luxembourg",39,"Marche-en-Famenne",523,"Hotton",NA,"Commune","Commune"
524,23,"BEL","Belgium",3,"Wallonie",11,"Luxembourg",39,"Marche-en-Famenne",524,"La Roche-en-Ardenne",NA,"Commune","Commune"
525,23,"BEL","Belgium",3,"Wallonie",11,"Luxembourg",39,"Marche-en-Famenne",525,"Manhay",NA,"Commune","Commune"
526,23,"BEL","Belgium",3,"Wallonie",11,"Luxembourg",39,"Marche-en-Famenne",526,"Marche-en-Famenne",NA,"Commune","Commune"
527,23,"BEL","Belgium",3,"Wallonie",11,"Luxembourg",39,"Marche-en-Famenne",527,"Nassogne",NA,"Commune","Commune"
528,23,"BEL","Belgium",3,"Wallonie",11,"Luxembourg",39,"Marche-en-Famenne",528,"Rendeux",NA,"Commune","Commune"
529,23,"BEL","Belgium",3,"Wallonie",11,"Luxembourg",39,"Marche-en-Famenne",529,"Tenneville",NA,"Commune","Commune"
530,23,"BEL","Belgium",3,"Wallonie",11,"Luxembourg",40,"Neufchâteau",530,"Bertrix",NA,"Commune","Commune"
531,23,"BEL","Belgium",3,"Wallonie",11,"Luxembourg",40,"Neufchâteau",531,"Bouillon",NA,"Commune","Commune"
532,23,"BEL","Belgium",3,"Wallonie",11,"Luxembourg",40,"Neufchâteau",532,"Daverdisse",NA,"Commune","Commune"
533,23,"BEL","Belgium",3,"Wallonie",11,"Luxembourg",40,"Neufchâteau",533,"Herbeumont",NA,"Commune","Commune"
534,23,"BEL","Belgium",3,"Wallonie",11,"Luxembourg",40,"Neufchâteau",534,"Léglise",NA,"Commune","Commune"
535,23,"BEL","Belgium",3,"Wallonie",11,"Luxembourg",40,"Neufchâteau",535,"Libin",NA,"Commune","Commune"
536,23,"BEL","Belgium",3,"Wallonie",11,"Luxembourg",40,"Neufchâteau",536,"Libramont-Chevigny",NA,"Commune","Commune"
537,23,"BEL","Belgium",3,"Wallonie",11,"Luxembourg",40,"Neufchâteau",537,"Neufchâteau",NA,"Commune","Commune"
538,23,"BEL","Belgium",3,"Wallonie",11,"Luxembourg",40,"Neufchâteau",538,"Paliseul",NA,"Commune","Commune"
539,23,"BEL","Belgium",3,"Wallonie",11,"Luxembourg",40,"Neufchâteau",539,"Saint-Hubert",NA,"Commune","Commune"
540,23,"BEL","Belgium",3,"Wallonie",11,"Luxembourg",40,"Neufchâteau",540,"Tellin",NA,"Commune","Commune"
541,23,"BEL","Belgium",3,"Wallonie",11,"Luxembourg",40,"Neufchâteau",541,"Wellin",NA,"Commune","Commune"
542,23,"BEL","Belgium",3,"Wallonie",11,"Luxembourg",41,"Virton",542,"Chiny",NA,"Commune","Commune"
543,23,"BEL","Belgium",3,"Wallonie",11,"Luxembourg",41,"Virton",543,"Etalle",NA,"Commune","Commune"
544,23,"BEL","Belgium",3,"Wallonie",11,"Luxembourg",41,"Virton",544,"Florenville",NA,"Commune","Commune"
545,23,"BEL","Belgium",3,"Wallonie",11,"Luxembourg",41,"Virton",545,"Habay",NA,"Commune","Commune"
546,23,"BEL","Belgium",3,"Wallonie",11,"Luxembourg",41,"Virton",546,"Meix-devant-Virton",NA,"Commune","Commune"
547,23,"BEL","Belgium",3,"Wallonie",11,"Luxembourg",41,"Virton",547,"Musson",NA,"Commune","Commune"
548,23,"BEL","Belgium",3,"Wallonie",11,"Luxembourg",41,"Virton",548,"Rouvroy",NA,"Commune","Commune"
549,23,"BEL","Belgium",3,"Wallonie",11,"Luxembourg",41,"Virton",549,"Saint-Léger",NA,"Commune","Commune"
550,23,"BEL","Belgium",3,"Wallonie",11,"Luxembourg",41,"Virton",550,"Tintigny",NA,"Commune","Commune"
551,23,"BEL","Belgium",3,"Wallonie",11,"Luxembourg",41,"Virton",551,"Virton",NA,"Commune","Commune"
552,23,"BEL","Belgium",3,"Wallonie",12,"Namur",42,"Dinant",552,"Anhée",NA,"Commune","Commune"
553,23,"BEL","Belgium",3,"Wallonie",12,"Namur",42,"Dinant",553,"Beauraing",NA,"Commune","Commune"
554,23,"BEL","Belgium",3,"Wallonie",12,"Namur",42,"Dinant",554,"Bièvre",NA,"Commune","Commune"
555,23,"BEL","Belgium",3,"Wallonie",12,"Namur",42,"Dinant",555,"Ciney",NA,"Commune","Commune"
556,23,"BEL","Belgium",3,"Wallonie",12,"Namur",42,"Dinant",556,"Dinant",NA,"Commune","Commune"
557,23,"BEL","Belgium",3,"Wallonie",12,"Namur",42,"Dinant",557,"Gedinne",NA,"Commune","Commune"
558,23,"BEL","Belgium",3,"Wallonie",12,"Namur",42,"Dinant",558,"Hamois",NA,"Commune","Commune"
559,23,"BEL","Belgium",3,"Wallonie",12,"Namur",42,"Dinant",559,"Hastière",NA,"Commune","Commune"
560,23,"BEL","Belgium",3,"Wallonie",12,"Namur",42,"Dinant",560,"Havelange",NA,"Commune","Commune"
561,23,"BEL","Belgium",3,"Wallonie",12,"Namur",42,"Dinant",561,"Houyet",NA,"Commune","Commune"
562,23,"BEL","Belgium",3,"Wallonie",12,"Namur",42,"Dinant",562,"Onhaye",NA,"Commune","Commune"
563,23,"BEL","Belgium",3,"Wallonie",12,"Namur",42,"Dinant",563,"Rochefort",NA,"Commune","Commune"
564,23,"BEL","Belgium",3,"Wallonie",12,"Namur",42,"Dinant",564,"Somme-Leuze",NA,"Commune","Commune"
565,23,"BEL","Belgium",3,"Wallonie",12,"Namur",42,"Dinant",565,"Vresse-sur-Semois",NA,"Commune","Commune"
566,23,"BEL","Belgium",3,"Wallonie",12,"Namur",42,"Dinant",566,"Yvoir",NA,"Commune","Commune"
567,23,"BEL","Belgium",3,"Wallonie",12,"Namur",43,"Namur",567,"Andenne",NA,"Commune","Commune"
568,23,"BEL","Belgium",3,"Wallonie",12,"Namur",43,"Namur",568,"Assesse",NA,"Commune","Commune"
569,23,"BEL","Belgium",3,"Wallonie",12,"Namur",43,"Namur",569,"Eghezée",NA,"Commune","Commune"
570,23,"BEL","Belgium",3,"Wallonie",12,"Namur",43,"Namur",570,"Fernlemont",NA,"Commune","Commune"
571,23,"BEL","Belgium",3,"Wallonie",12,"Namur",43,"Namur",571,"Floreffe",NA,"Commune","Commune"
572,23,"BEL","Belgium",3,"Wallonie",12,"Namur",43,"Namur",572,"Fosses-la-Ville",NA,"Commune","Commune"
573,23,"BEL","Belgium",3,"Wallonie",12,"Namur",43,"Namur",573,"Gembloux","Gembloers","Commune","Commune"
574,23,"BEL","Belgium",3,"Wallonie",12,"Namur",43,"Namur",574,"Gesves",NA,"Commune","Commune"
575,23,"BEL","Belgium",3,"Wallonie",12,"Namur",43,"Namur",575,"Jemeppe-sur-Sambre",NA,"Commune","Commune"
576,23,"BEL","Belgium",3,"Wallonie",12,"Namur",43,"Namur",576,"La Bruyère",NA,"Commune","Commune"
577,23,"BEL","Belgium",3,"Wallonie",12,"Namur",43,"Namur",577,"Mettet",NA,"Commune","Commune"
578,23,"BEL","Belgium",3,"Wallonie",12,"Namur",43,"Namur",578,"Namur","Namen","Commune","Commune"
579,23,"BEL","Belgium",3,"Wallonie",12,"Namur",43,"Namur",579,"Ohey",NA,"Commune","Commune"
580,23,"BEL","Belgium",3,"Wallonie",12,"Namur",43,"Namur",580,"Profondeville",NA,"Commune","Commune"
581,23,"BEL","Belgium",3,"Wallonie",12,"Namur",43,"Namur",581,"Sambreville",NA,"Commune","Commune"
582,23,"BEL","Belgium",3,"Wallonie",12,"Namur",43,"Namur",582,"Sombreffe",NA,"Commune","Commune"
583,23,"BEL","Belgium",3,"Wallonie",12,"Namur",44,"Philippeville",583,"Cerfontaine",NA,"Commune","Commune"
584,23,"BEL","Belgium",3,"Wallonie",12,"Namur",44,"Philippeville",584,"Couvin",NA,"Commune","Commune"
585,23,"BEL","Belgium",3,"Wallonie",12,"Namur",44,"Philippeville",585,"Doische",NA,"Commune","Commune"
586,23,"BEL","Belgium",3,"Wallonie",12,"Namur",44,"Philippeville",586,"Florennes",NA,"Commune","Commune"
587,23,"BEL","Belgium",3,"Wallonie",12,"Namur",44,"Philippeville",587,"Philippeville",NA,"Commune","Commune"
588,23,"BEL","Belgium",3,"Wallonie",12,"Namur",44,"Philippeville",588,"Viroinval",NA,"Commune","Commune"
589,23,"BEL","Belgium",3,"Wallonie",12,"Namur",44,"Philippeville",589,"Walcourt",NA,"Commune","Commune"
